<manifest><control namespace="InputFieldOptionset" constructor="InputFieldOptionset" version="0.0.3" display-name-key="InputFieldOptionset" description-key="InputFieldOptionset description" control-type="standard" api-version="1.3.12"><property name="OptionValue" display-name-key="Optionset" description-key="Optionset welches ein Dropdown mit Suchfunktion implementiert" of-type="OptionSet" usage="bound" required="true" /><property name="ColorInRGB" display-name-key="Backgroundcolor" description-key="Geben Sie hier die Hintergrundfarbe im Schema: rgb(xxx,xxx,xxx) ein" of-type="SingleLine.Text" usage="input" required="true" /><external-service-usage enabled="true" /><resources><code path="bundle.js" order="1" /><css path="style.css" order="1" /></resources><feature-usage><uses-feature name="Utility" required="true" /><uses-feature name="WebAPI" required="true" /></feature-usage><built-by name="pac" version="1.31.2" /></control></manifest>